chapter_number,proportion_video,proportion_time
4,76.0805271716209,80.43855125219308
5,72.10376248231641,75.27190846991913
